{
  "requirement_text": "The system must provide REST APIs for integration with external systems.",
  "model_responses": {
    "openaiResponse": "## **Response to Requirement: Provision of REST APIs for Integration with External Systems**\n\nIn response to your requirement for the system to provide REST APIs for integration with external systems, we are pleased to present our comprehensive solution designed to meet and exceed these expectations. Our system is engineered with a focus on seamless integration and interoperability, ensuring efficient data exchange and streamlined workflows with external platforms and applications.\n\n### **Key Capabilities:**\n\n1. **Adherence to Open API Standards:**\n   - The system's REST APIs are developed following **Open API standards**, ensuring that they are comprehensive, well-documented, and easily accessible by external systems.\n   - This adherence promotes **interoperability** and simplifies the integration process for developers.\n\n2. **Robust API Framework:**\n   - Our system provides a robust framework of **RESTful APIs** that facilitate integration with a wide variety of external systems and applications.\n   - These APIs support **automated queries** and enable **job automation**, thereby enhancing operational efficiency.\n\n3. **Comprehensive Integration Support:**\n   - The platform supports integration through various **formats and protocols**, such as REST, SOAP, and TCP/IP, ensuring versatile connectivity options.\n   - This capability allows for **seamless interaction** with diverse external systems and data sources.\n\n4. **Extensive API Library:**\n   - Our solution includes a readily available library of over **270+ REST APIs**, categorized for different functionalities such as automated queries and system-specific actions.\n   - This extensive library empowers third-party developers to build **custom applications** and extensions tailored to their unique requirements.\n\n5. **Future-Ready Architecture:**\n   - The system is built on an advanced architectural framework, which includes elements like **Microservices** and **Cloud-Native** technologies, ensuring scalability and flexibility for future integration needs.\n\n### **Benefits:**\n\n- **Streamlined Workflows:** By enabling seamless data exchange with external systems, our REST APIs facilitate smoother workflows and improved operational efficiency.\n- **Developer-Friendly:** The use of standard protocols and comprehensive documentation makes our APIs easy to implement and use, reducing development time and costs.\n- **Scalability and Flexibility:** The modern architectural design ensures that the system can scale and adapt to evolving integration requirements.\n\nOur commitment to providing robust and versatile integration capabilities positions our system as an ideal solution for organizations seeking to enhance their connectivity and data exchange processes with external systems. We are confident that our solution will meet your integration needs effectively and efficiently.",
    "anthropicResponse": "### **Comprehensive API Integration**\n\nWealth System offers a robust and comprehensive approach to integration, supporting a wide range of standard protocols and exposing **RESTful APIs** based on **Open API standards**. This ensures seamless connectivity and streamlined data exchange with external systems, applications, and data sources.\n\n### **Key Capabilities:**\n\n1. **RESTful API Support**\n   - Wealth System provides a comprehensive set of **RESTful APIs** that allow for seamless integration with external systems and applications.\n   - The APIs are designed to adhere to **Open API standards**, promoting interoperability and simplifying integration efforts for developers.\n   - The APIs cover a wide range of functionalities, enabling automated queries, job automation, and custom application development.\n\n2. **Supported Integration Protocols**\n   - In addition to **RESTful APIs**, Wealth System supports a variety of standard integration protocols, including:\n     - **SOAP**\n     - **TCP/IP**\n   - This wide range of protocol support ensures compatibility with a diverse set of external systems and applications, allowing for **seamless data exchange and integration**.\n\n3. **Extensible Integration Framework**\n   - Wealth System's **integration framework** is designed to be **extensible and scalable**, allowing for the addition of new integration protocols and capabilities as required.\n   - This future-proofing approach ensures that the system can adapt to evolving integration requirements and maintain a **high level of interoperability** with external systems.\n\n4. **Comprehensive Documentation and Support**\n   - Wealth System provides extensive **documentation** for its RESTful APIs, including detailed **API specifications**, **sample code**, and **integration guides**.\n   - Additionally, the system's **integration experts** are available to provide **technical support** and assist in the integration process, ensuring a smooth and successful implementation.\n\nBy leveraging Wealth System's comprehensive API integration capabilities, organizations can benefit from **seamless data exchange**, **streamlined workflows**, and **enhanced interoperability** with their external systems and applications.",
    "deepseekResponse": "# Comprehensive REST API Integration Capabilities  \n\nThe system is designed with a robust **API-first architecture**, ensuring seamless integration with external systems through **RESTful APIs** that adhere to industry best practices and standards.  \n\n### **Key Capabilities:**  \n\n1. **Standards-Compliant REST APIs**  \n   - Fully compliant with **OpenAPI 3.0** specifications, ensuring interoperability and ease of integration.  \n   - Supports **JSON** and **XML** payload formats for flexible data exchange.  \n\n2. **Comprehensive API Documentation**  \n   - Detailed **Swagger/OpenAPI documentation** with interactive testing capabilities.  \n   - Sample requests, responses, and error codes for accelerated development.  \n\n3. **Secure & Scalable Integration**  \n   - **OAuth 2.0** and **JWT** for secure authentication and authorization.  \n   - **Rate limiting** and **throttling** to ensure system stability under high load.  \n\n4. **Pre-Built API Endpoints**  \n   - A library of **270+ ready-to-use REST APIs** covering core functionalities, including:  \n     - Automated queries and job automation.  \n     - Real-time data retrieval and updates.  \n     - Event-driven triggers for workflow automation.  \n\n5. **Multi-Protocol Support**  \n   - While **REST** is the primary integration method, the system also supports **SOAP** and **TCP/IP** for legacy system compatibility.  \n\n6. **Developer-Friendly Ecosystem**  \n   - **Sandbox environment** for testing integrations without affecting production.  \n   - SDKs and code samples in multiple languages (Java, Python, C#).  \n\n### **Architecture & Future-Readiness**  \nBuilt on a **microservices-based, cloud-native** architecture, the system ensures:  \n- **High availability** and **scalability** for enterprise-grade deployments.  \n- **Headless API design** for flexibility in front-end and third-party application development.  \n- **Embedded AI capabilities** for intelligent automation via API-driven workflows.  \n\nThis approach guarantees that external integrations are **secure, efficient, and future-proof**, aligning with modern digital transformation initiatives."
  },
  "requirement_id": 26
}