{
  "requirement_text": "Facilty to tag documents - submitted, unreceived, deferred, returned; expiry date of documents and due date of submission and remarks. Tagging of documents via manual/single entry or bulk file upload of status (with validations).",
  "model_responses": {
    "openaiResponse": "## Response to Requirement: Document Tagging and Management\n\nOur document management platform is designed to meet the comprehensive needs of tagging and tracking document statuses, expiry, and submission due dates, featuring both manual and bulk upload capabilities with robust validation processes.\n\n### **Key Capabilities:**\n\n1. **Document Status Tagging:**\n   - Ability to **tag documents** with statuses such as **submitted, unreceived, deferred,** and **returned**.\n   - Document statuses can be updated via **manual/single entry** or **bulk file upload**, allowing for flexible management based on user needs.\n\n2. **Expiry and Submission Date Management:**\n   - Track and manage **expiry dates** and **due dates** for document submissions.\n   - Automated alerts and notifications can be configured to remind users of impending document expirations and due dates, ensuring timely action and compliance.\n\n3. **Remarks and Notes:**\n   - Users can add and track **remarks** or **notes** for each document, providing context and additional information for reference and decision-making.\n\n4. **Validation and Integrity Checks:**\n   - The platform incorporates **validations** during both manual and bulk uploads to ensure data integrity and accuracy.\n   - These validations check for completeness, correct format, and logical consistency, reducing errors and streamlining document management processes.\n\n5. **Bulk File Uploads:**\n   - Support for **bulk file uploads** allows for efficient updating of document statuses across multiple records, saving time and reducing manual entry errors.\n   - The bulk upload process includes step-by-step guidance and error reporting to assist users in successful file management.\n\n### **Benefits:**\n\n- **Efficiency:** Streamlined processes for tagging and managing documents reduce administrative burden and enhance operational efficiency.\n- **Compliance:** Ensure compliance with internal and external requirements through automated tracking of expiry dates and due submissions.\n- **Flexibility:** Multiple input methods cater to diverse user preferences and operational scenarios, accommodating both small-scale and large-scale document management needs.\n- **Accuracy:** Built-in validations help maintain high data quality, ensuring that document status and timelines are accurately represented.\n\nOur platform's robust feature set is designed to enhance your document management capabilities, providing a seamless, efficient, and reliable solution for your organizational needs.",
    "anthropicResponse": "# Comprehensive Response to RFP Requirement\n\n### **Key Capabilities:**\n\nOur platform offers robust document management capabilities to address the requirement of tagging documents, tracking expiry and due dates, and enabling manual or bulk file upload of document status with validations. The key capabilities include:\n\n1. **Document Tagging and Status Tracking**\n   - Ability to tag documents with statuses such as **submitted**, **unreceived**, **deferred**, and **returned**\n   - Capture and display the **expiry date** of documents and the **due date** of submission\n   - Provision to add **remarks** or notes for each document\n\n2. **Manual and Bulk Document Tagging**\n   - Users can manually tag individual documents with the appropriate status\n   - Provide a bulk file upload functionality to update the status of multiple documents at once\n   - Implement comprehensive **validations** to ensure data integrity during the bulk upload process\n\n3. **Document Expiry and Due Date Monitoring**\n   - Configurable **alerts** and **notifications** to proactively notify users about upcoming document expiry and due dates\n   - Generate **reports** to track document expiry, submission status, and any document deficiencies\n\n4. **Document Upload and Integration**\n   - Ability to upload document images through manual/single entry or bulk file upload\n   - Option to integrate with the bank's existing **Electronic Document Management System (eDMS)** to maintain a centralized document repository\n   - Ensure seamless access and compliance with the bank's document management practices\n\n5. **Document Status Migration**\n   - Capability to migrate the status of submitted/required documents from existing systems to the platform\n   - Maintain the history and audit trail of document status changes for improved visibility and compliance\n\nBy leveraging these robust document management capabilities, the platform enables you to effectively tag, track, and monitor the status of your documents, ensuring efficient document management and compliance within your organization.",
    "deepseekResponse": "# Comprehensive Response: Document Tagging and Status Management  \n\n## **Document Tagging and Status Management Solution**  \n\nOur platform provides a robust **document tagging and status management system** designed to streamline document tracking throughout its lifecycle. The solution offers comprehensive capabilities to manage document statuses, expiry dates, submission deadlines, and remarks with flexible input methods.  \n\n### **Key Capabilities:**  \n\n1. **Document Status Tagging**  \n   - Supports multiple status tags including:  \n     - **Submitted**  \n     - **Unreceived**  \n     - **Deferred**  \n     - **Returned**  \n   - Each status is clearly visible in the document management interface for easy tracking.  \n\n2. **Date Tracking and Alerts**  \n   - **Expiry Date Management**: Automatically tracks document validity periods.  \n   - **Due Date Monitoring**: Ensures timely submission with configurable alerts.  \n   - **Remarks Field**: Allows users to add contextual notes for audit trails and follow-ups.  \n\n3. **Flexible Tagging Methods**  \n   - **Manual/Single Entry**: Users can update document statuses individually with a user-friendly interface.  \n   - **Bulk File Upload**: Enables mass updates via structured file imports (e.g., CSV/Excel) with:  \n     - **Data Validation**: Ensures correct formatting and prevents errors.  \n     - **Error Reporting**: Highlights discrepancies for correction before processing.  \n\n4. **Integration and Automation**  \n   - Seamlessly integrates with existing **document management systems (DMS)** or **enterprise content management (ECM)** solutions.  \n   - Supports **API-triggered updates** for real-time synchronization with external systems.  \n\n5. **Audit and Compliance**  \n   - Maintains a **complete history** of status changes, remarks, and user actions.  \n   - Generates **compliance-ready reports** for document deficiencies, expirations, or pending submissions.  \n\n### **Implementation Benefits**  \n- **Efficiency**: Reduces manual effort with bulk processing and automated alerts.  \n- **Accuracy**: Validation rules ensure data integrity across all tagging methods.  \n- **Visibility**: Provides a centralized dashboard for tracking document statuses and deadlines.  \n- **Scalability**: Supports high-volume document management for enterprises.  \n\nFor further customization or integration with your existing workflows, our team can tailor the solution to meet specific operational requirements.  \n\n**Reference**: Documented in alignment with industry best practices and regulatory standards."
  },
  "requirement_id": 58
}