{
  "requirement_text": "Family Level Portfolio Reports",
  "model_responses": {
    "openaiResponse": "### **Response to Requirement: Family Level Portfolio Reports**\n\nThe **Intellect Wealth platform** seamlessly supports **Family Level Portfolio Reports** as a core functionality. These reports are designed to provide a comprehensive overview of a family's investment portfolio, enabling financial institutions to configure and tailor them according to specific needs.\n\n### **Key Capabilities:**\n\n- **Out-of-the-Box Support:** The platform offers ready-to-use Family Level Portfolio Reports, ensuring quick deployment and ease of use for financial institutions.\n\n- **Customizable Reports:** Reports are highly configurable, allowing customization to meet the specific requirements of the bank or financial institution. This customization ensures that the reports align with unique business objectives and client needs.\n\n- **Comprehensive Data Coverage:**\n  - **Invested Amount:** Track the total amount invested by the family across various financial instruments.\n  - **Current Value:** Obtain real-time updates on the current valuation of the family's portfolio.\n  - **Realized Gain:** Calculate gains from assets that have been sold, aiding in effective financial planning and reporting.\n  - **Unrealized Gain:** Monitor potential profits from assets that are still held, providing insights into future financial opportunities.\n  - **Transactions:** Access detailed records of all transactions within the portfolio, ensuring transparency and accountability.\n\n- **Family Group Structure Support:** Utilizing the **Intellect Wealth Qube**, the platform facilitates the creation of a **Family Group Structure**. This feature supports single or multiple holding patterns, linking them to a Family/Group ID for comprehensive management.\n\n- **360-Degree Portfolio View:** The platform provides a holistic view of the complete portfolio/AUM at both the client and family levels. This single view empowers Relationship Managers (RMs) with consolidated and aggregated information, enabling informed decision-making and effective client engagement.\n\n- **Granular Account Details:** RMs can access detailed information on individual accounts within the family portfolio, allowing for precise and personalized advice to clients.\n\n### **Conclusion:**\n\nThe **Intellect Wealth platform** ensures that financial institutions can effectively manage and report on family-level portfolios with robust, customizable, and comprehensive reports. This capability enhances the institution's ability to deliver personalized financial services and optimize client relationships.",
    "anthropicResponse": "### **Response**\n\nIntellect Wealth platform provides comprehensive **Family Level Portfolio Reports** that cater to the specific needs of your bank. These reports are available out-of-the-box and can be easily configured to display the exact information you require.\n\n### **Key Capabilities:**\n\n1. **Invested Amount**: View the total amount invested across all family members' accounts.\n2. **Current Value**: Monitor the current market value of the entire family's portfolio.\n3. **Realized Gain/Loss**: Track the realized gains and losses for the family's investments.\n4. **Unrealized Gain/Loss**: Understand the unrealized appreciation or depreciation of the family's holdings.\n5. **Transactions**: Gain visibility into all transactions (buys, sells, income, etc.) executed across the family's accounts.\n6. **Customizable Reporting**: Leverage the platform's reporting capabilities to create custom reports tailored to your specific requirements.\n7. **360-Degree View**: Obtain a consolidated view of the family's complete portfolio and AUM, enabling relationship managers to make informed decisions and engage effectively with clients.\n8. **Granular Account Details**: Access individual account-level details to provide personalized investment advice and guidance to each family member.\n\n### **Key Benefits:**\n\n1. **Holistic Wealth Management**: Gain a comprehensive understanding of the family's financial situation, allowing for more strategic and cohesive wealth management strategies.\n2. **Enhanced Client Experience**: Provide a seamless and personalized experience to your clients by delivering tailored reports and insights at the family level.\n3. **Informed Decision-Making**: Empower relationship managers with consolidated data and analytics to make well-informed recommendations and strengthen client relationships.\n4. **Operational Efficiency**: Streamline reporting processes and reduce the manual effort required to generate family-level portfolio reports.\n\n### **Conclusion**\n\nIntellect Wealth's comprehensive **Family Level Portfolio Reports** module offers a powerful and flexible solution to meet your bank's specific requirements. By providing a 360-degree view of the family's financial portfolio, the platform enables your relationship managers to deliver exceptional wealth management services and build lasting client relationships.",
    "deepseekResponse": "# Comprehensive Response: Family Level Portfolio Reports  \n\n## **Overview**  \nOur **Intellect Wealth Platform** provides robust, out-of-the-box support for **Family Level Portfolio Reports**, enabling financial institutions to deliver consolidated insights across client families. These reports are fully configurable to align with your institution’s specific requirements, ensuring flexibility and precision in reporting.  \n\n### **Key Capabilities:**  \n1. **Comprehensive Portfolio Snapshot**  \n   - **Invested Amount**  \n   - **Current Market Value**  \n   - **Realized Gains/Losses**  \n   - **Unrealized Gains/Losses**  \n   - **Transaction History**  \n\n2. **360-Degree Family View**  \n   - Aggregated AUM (Assets Under Management) at the **family/group level**  \n   - Granular drill-down to individual client portfolios  \n   - Support for **single/multiple holding patterns**  \n\n3. **Customizable Reporting**  \n   - Reports can be tailored using **CT-Sigma** for institution-specific needs  \n   - Dynamic filtering and data segmentation (slice-and-dice functionality)  \n\n4. **Enhanced Relationship Management**  \n   - **Relationship Managers (RMs)** gain a consolidated view to:  \n     - Make informed decisions  \n     - Engage clients with data-driven insights  \n     - Advise on both macro (family-level) and micro (individual account) trends  \n\n## **Implementation & Flexibility**  \n- **Pre-configured Templates**: Ready-to-use reports with standard metrics.  \n- **White-Labeling**: Branding and formatting aligned with your institution’s guidelines.  \n- **Automated Delivery**: Scheduled or on-demand generation.  \n\n## **Technical Integration**  \n- Seamless linkage of portfolios to **Family/Group IDs**  \n- Supports **real-time data updates** for accuracy  \n- Exportable formats (PDF, Excel, CSV) for further analysis  \n\n## **Why Choose Our Solution?**  \n- **Out-of-the-box functionality** reduces implementation time.  \n- **Scalable** to accommodate growing client bases.  \n- **Regulatory Compliance**: Ensures adherence to reporting standards.  \n\nFor further customization or integration specifics, our team can collaborate to refine the solution to your exact needs.  \n\n**Reference**: Tata Capital.xlsx_Sheet1"
  },
  "requirement_id": 24
}