{
  "requirement_text": "The system must generate comprehensive reports.",
  "model_responses": {
    "openaiResponse": "## Response to Requirement: Comprehensive Report Generation\n\nOur advanced **Reporting System** is designed to meet the requirement of generating comprehensive reports effectively, providing an integral solution for data analysis and strategic decision-making.\n\n### **Key Capabilities:**\n\n1. **Dynamic Reporting Tools:**\n   - Our system offers **dynamic and customizable reporting tools** that allow users to tailor reports to specific business needs, ensuring that the generated insights are both relevant and actionable.\n\n2. **Interactive Dashboards:**\n   - The platform includes **interactive dashboards** that enable users to visualize data in real-time, offering a user-friendly interface that facilitates easy navigation and understanding of complex data sets.\n\n3. **Automated Report Generation:**\n   - With the built-in **automation capabilities**, the system can generate reports at scheduled intervals or on-demand, significantly reducing the manual effort involved in report creation and ensuring timely access to information.\n\n4. **Regulatory Compliance:**\n   - Our solution is equipped to automatically generate reports that comply with various **regulatory templates and standards**, ensuring adherence to legal and industry requirements without additional configuration.\n\n5. **Comprehensive Data Aggregation:**\n   - The system supports **data capture and aggregation**, allowing users to compile information from multiple sources into cohesive reports. This includes a **360-degree view of portfolio data**, enhancing the understanding of aggregated insights.\n\n6. **User Empowerment with Insights:**\n   - By utilizing these comprehensive reporting capabilities, users can **identify trends**, **gain insights**, and make **informed decisions**, directly contributing to improved business outcomes.\n\n### **Benefits:**\n\n- **Enhanced Decision-Making:** Leverage detailed reports to make data-driven decisions that align with organizational goals.\n- **Increased Efficiency:** Automate routine reporting tasks to save time and resources.\n- **Regulatory Adherence:** Stay compliant with ease using pre-configured regulatory reporting templates.\n- **Improved Data Visibility:** Gain a holistic view of organizational data, enhancing transparency and accountability.\n\nThis comprehensive approach ensures that our system not only meets the current reporting needs but also scales with future demands, providing a robust foundation for ongoing data-driven success.",
    "anthropicResponse": "### **Comprehensive Reporting Capabilities**\n\nWealth System provides a robust and versatile reporting suite that enables users to generate comprehensive reports tailored to their specific needs. Our reporting capabilities are designed to empower users with the insights and analytics they require to make informed decisions.\n\n### **Key Capabilities:**\n\n1. **Interactive Dashboards**\n   - Wealth System offers customizable, interactive dashboards that allow users to visualize data, identify trends, and gain valuable insights.\n   - Users can create personalized dashboards, configure data visualizations, and easily share reports with stakeholders.\n\n2. **Automated Report Generation**\n   - The platform's Compliance Manager tool enables the automated generation of regulatory reports, ensuring compliance with industry standards and templates.\n   - Users can configure report templates, schedule periodic report generation, and seamlessly export data in various formats.\n\n3. **Data Aggregation and Portfolio View**\n   - Wealth System's comprehensive portfolio 360-degree view allows users to capture data across multiple report formats and aggregate portfolios for a holistic understanding of their financial position.\n   - The platform's data aggregation capabilities enable users to gain a consolidated view of their assets, investments, and performance metrics.\n\n4. **Customizable Reporting**\n   - The reporting suite offers extensive customization options, enabling users to tailor reports to their specific requirements.\n   - Users can define custom report templates, filters, and data fields to generate reports that address their unique business needs.\n\n5. **Reporting Flexibility**\n   - Wealth System's reporting capabilities support a wide range of output formats, including PDF, Excel, and CSV, allowing users to seamlessly integrate reports with their existing workflows and systems.\n   - The platform provides comprehensive audit trails and version control, ensuring the integrity and traceability of reported data.\n\nWith Wealth System's comprehensive reporting capabilities, users can unlock valuable insights, drive informed decision-making, and effectively manage their financial portfolios and regulatory compliance requirements.",
    "deepseekResponse": "# Comprehensive Reporting Solution  \n\nOur system is designed to deliver **comprehensive reports** that empower users with actionable insights, streamline regulatory compliance, and enhance decision-making across all levels of the organization.  \n\n### **Key Capabilities:**  \n\n1. **Automated Report Generation**  \n   - The system supports **automated report generation** with pre-configured regulatory templates, ensuring compliance with industry standards (e.g., Basel III, MiFID II, FATCA).  \n   - Customizable scheduling options allow reports to be generated daily, weekly, or on-demand.  \n\n2. **Interactive Dashboards & Data Visualization**  \n   - Users can access **interactive dashboards** with drill-down capabilities to analyze trends, outliers, and performance metrics.  \n   - Visualizations include charts, graphs, and heatmaps for intuitive data interpretation.  \n\n3. **Multi-Format Export & Aggregation**  \n   - Reports can be exported in **PDF, Excel, CSV, and XML** formats to meet diverse stakeholder needs.  \n   - The system aggregates portfolio data across asset classes, geographies, and client segments for a **360-degree view**.  \n\n4. **Regulatory & Ad-Hoc Reporting**  \n   - **Out-of-the-box regulatory reports** are available for immediate use, reducing implementation time.  \n   - Users can create **custom ad-hoc reports** using drag-and-drop query builders without technical expertise.  \n\n5. **Audit & Version Control**  \n   - All reports include **audit trails** with timestamps, user IDs, and modification logs for transparency.  \n   - Version history ensures traceability and compliance with record-keeping requirements.  \n\n### **Deployment Flexibility**  \n- **Cloud or On-Premises**: The reporting module can be deployed in hybrid environments to align with organizational IT policies.  \n- **Role-Based Access**: Permissions ensure sensitive reports are accessible only to authorized personnel.  \n\nBy leveraging these capabilities, our system transforms raw data into **strategic intelligence**, driving efficiency and regulatory adherence while minimizing manual effort."
  },
  "requirement_id": 16
}