{
  "requirement_text": "MF TransactionCapabilty",
  "model_responses": {
    "openaiResponse": "### **Response to Requirement: MF TransactionCapabilty**\n\nIntellect Wealth Qube offers a comprehensive solution for managing mutual fund transactions, ensuring a seamless digital experience for both Relationship Managers (RM) and customers. The platform supports an end-to-end digital order journey for mutual funds, enabling efficient transaction processing and comprehensive portfolio management.\n\n### **Key Capabilities:**\n\n1. **End-to-End Digital Order Journey:**\n   - Mutual fund transactions can be initiated by either RM or customers, providing flexibility and convenience.\n   - Orders are seamlessly routed to **Registrar and Transfer Agents (RTAs)** like K-Fintech and CAMS, or platforms such as **BSE Star, NSE, or MFU** for execution.\n\n2. **Integration and Automation:**\n   - Leverages **APIs or Feed Files** to interface with RTAs and exchanges, facilitating smooth execution of transactions.\n   - Automatic extraction of reverse feed files post-execution ensures timely reconciliation of transactions.\n\n3. **Portfolio Management and Reconciliation:**\n   - The system updates holdings automatically after reconciliation, providing an accurate and up-to-date view of the portfolio.\n   - Supports a **360-degree view** of the customer's portfolio, enhancing decision-making and customer service.\n\n4. **Omni-Channel Platform:**\n   - Offers a unified platform for both bank staff and customers, ensuring a consistent experience across various channels.\n   - Implements a **Maker-Checker** process where one user initiates and another verifies transactions, enhancing security and accuracy.\n\n5. **Efficient Reporting and Alerts:**\n   - Provides comprehensive reporting capabilities, including transaction statements and customizable alerts for enhanced monitoring.\n\n6. **Flexibility and User-Friendliness:**\n   - Allows for the upload of physical transaction slips, accommodating both digital and traditional transaction methods.\n   - The intuitive interface simplifies transaction initiation and monitoring, making it accessible to users with varying levels of expertise.\n\n### **Conclusion**\n\nThe Intellect Wealth Qube platform is designed to streamline mutual fund transactions, offering a robust and flexible solution that integrates seamlessly with existing financial infrastructure. By automating key processes and providing comprehensive portfolio views, it enhances the efficiency and accuracy of mutual fund management, aligning with modern financial service demands.",
    "anthropicResponse": "### **MF Transaction Capability**\n\nIntellect Wealth Qube provides comprehensive mutual fund transaction capabilities to meet the requirement. Our solution supports the complete digital order journey for mutual funds, enabling seamless transactions for both bank staff and customers through an omni-channel platform.\n\n### **Key Capabilities:**\n\n1. **Mutual Fund Order Management:**\n   - Mutual fund orders can be initiated by relationship managers (RMs) or customers directly through the omni-channel platform.\n   - The orders can be routed to Registrar and Transfer Agents (RTAs) like KFin Technologies or CAMS, as well as platforms like BSE Star, NSE, or MFU for execution.\n   - Integration with these entities is achieved through APIs or feed files.\n\n2. **Order Execution and Reconciliation:**\n   - Once the orders are executed, the system automatically extracts the reverse feed files from the RTAs or platforms.\n   - Intellect Wealth Qube then reconciles the executed transactions, ensuring the accuracy of the portfolio holdings.\n   - The reconciled transactions are updated in the customer's 360-degree portfolio view.\n\n3. **Omni-Channel Order Initiation:**\n   - The platform provides a dedicated portal for bank staff to initiate mutual fund transactions on behalf of customers.\n   - Customers can also directly place orders through the omni-channel platform, ensuring a seamless experience.\n\n4. **Maker-Checker Workflow:**\n   - The solution incorporates a maker-checker concept, where one user initiates the transaction, and another user verifies and authorizes it.\n   - This feature ensures proper controls and approvals for mutual fund transactions.\n\n5. **Physical Transaction Support:**\n   - The platform allows users to upload physical transaction slips, which are then processed and integrated into the customer's portfolio.\n\n6. **Comprehensive Reporting and Alerts:**\n   - Intellect Wealth Qube provides detailed statements and reports related to mutual fund transactions.\n   - The system also generates alerts and notifications to keep customers and bank staff informed about the status of their transactions.\n\nBy leveraging the capabilities of Intellect Wealth Qube, your organization can offer a seamless, end-to-end digital experience for mutual fund transactions, from order acceptance to fulfillment and reporting.",
    "deepseekResponse": "# Mutual Fund Transaction Capability Response  \n\n## **Overview**  \nOur **Intellect Wealth Qube** platform delivers a comprehensive, end-to-end digital solution for Mutual Fund (MF) transactions, ensuring seamless execution, reconciliation, and reporting. The system supports transactions initiated by Relationship Managers (RMs), bank staff, or customers directly via an **Omni-Channel platform**, with robust workflows for order processing, validation, and fulfillment.  \n\n### **Key Capabilities:**  \n\n1. **Multi-Channel Transaction Initiation**  \n   - Supports MF transactions (**invest**, **redeem**, **transfer**) via:  \n     - **Bank staff portals** (dedicated interfaces for internal users)  \n     - **Customer self-service portals** (direct access for end-users)  \n     - **Omni-Channel platforms** (unified experience across web, mobile, and branches)  \n\n2. **End-to-End Digital Order Journey**  \n   - Orders routed to **RTAs** (K-Fintech, CAMS) or **platforms** (BSE Star, NSE, MFU) via:  \n     - **Real-time APIs** for instant execution  \n     - **Batch feed files** for bulk processing  \n   - Automated **reverse feed extraction** for reconciliation and holdings updates.  \n\n3. **Maker-Checker Workflow**  \n   - Ensures compliance and accuracy with:  \n     - **Dual authorization** (initiator + verifier)  \n     - Support for **physical slip uploads** (hybrid processing)  \n\n4. **Seamless Fulfillment & Reporting**  \n   - Automated post-trade processes:  \n     - **Reconciliation** of executed transactions  \n     - **Real-time portfolio updates** in **360-degree customer view**  \n   - Comprehensive reporting:  \n     - **Statements** (consolidated/transaction-wise)  \n     - **Alerts** (email/SMS notifications)  \n\n5. **Internal Portfolio Transfers**  \n   - Enables **settlement of internal transfers** between accounts:  \n     - Intuitive interface for initiating transfers  \n     - Automatic updates to **holdings and accounting entries**  \n\n### **Integration & Scalability**  \n- **API-driven architecture** ensures interoperability with RTAs, exchanges, and core banking systems.  \n- Supports **high-volume transactions** with batch processing capabilities.  \n\n### **Compliance & Security**  \n- Role-based access control (RBAC) for transaction authorization.  \n- Audit trails for all order activities.  \n\nFor further details, refer to the attached **Functional Master Sheet** or **Tata Capital.xlsx_Sheet1**.  \n\n---  \n*Note: Customizable workflows and additional modules (e.g., SIP processing, SWP) available upon request.*"
  },
  "requirement_id": "19"
}