{
  "requirement_text": "The system must support role-based access control.",
  "model_responses": {
    "openaiResponse": "## **Response to Requirement: Role-Based Access Control**\n\nOur system is designed to provide robust and comprehensive **Role-Based Access Control (RBAC)**, ensuring that users can access only the information and functionalities pertinent to their role within the organization. This is essential for maintaining security, efficiency, and compliance within business processes.\n\n### **Key Capabilities:**\n\n1. **Custom Role Definition:**\n   - The system allows the creation of custom roles tailored to specific business requirements.\n   - Roles can encompass **User**, **System**, and **Application-specific** privileges, providing flexibility and control over access rights.\n\n2. **Granular Access Policies:**\n   - Access control can be defined at various levels including applications, modules, menus, and functions.\n   - Users are mapped to roles, ensuring that they only have access to the functionalities they are entitled to.\n\n3. **Dynamic Role Assignment:**\n   - Users can be assigned to multiple roles, with access dynamically adjusted based on their current role.\n   - This facilitates seamless transitions and access changes as user roles evolve within the organization.\n\n4. **Entitlement-Driven Platform:**\n   - Our platform ensures that access to functionalities and menus is entitlement-driven.\n   - This means that only users with specific role-based entitlements can view and interact with particular system components.\n\n5. **Compliance and Security:**\n   - The RBAC system supports compliance by enforcing access controls that align with regulatory requirements and internal policies.\n   - An audit trail feature records user actions, enabling monitoring and ensuring accountability within the system.\n\n6. **User Group Management:**\n   - Users are organized into groups such as **Administrators**, **Supervisors**, **Regional Heads**, etc., with specific access control mappings.\n   - Functionality and access controls are directly associated with these user groups, optimizing role management and access restrictions.\n\n7. **Scalability and Flexibility:**\n   - The system can scale with the organization, allowing for new roles and access levels to be created as business needs change.\n   - The RBAC framework is adaptable and can integrate with existing IT infrastructure to support organizational growth and technological advancement.\n\n### **Conclusion:**\n\nIn summary, our system’s **Role-Based Access Control** feature is designed to provide a secure, flexible, and compliant framework for managing user access. By enabling precise control over who can access specific functionalities, organizations can enhance security, ensure compliance, and optimize operational efficiency. Our RBAC system is both powerful and adaptable, making it an ideal solution for dynamic enterprise environments.",
    "anthropicResponse": "### **Response to Requirement: The system must support role-based access control**\n\nARX, the access control module within our platform, provides comprehensive **Role-Based Access Control (RBAC)** capabilities to ensure secure and granular access control for users. RBAC allows us to define and manage user roles, permissions, and access policies based on the specific requirements of your organization.\n\n### **Key Capabilities:**\n\n1. **Flexible Role Management**:\n   - Create and define custom user roles based on your organizational structure and business requirements.\n   - Assign specific permissions, access privileges, and access policies to each user role.\n   - Easily manage and update roles as your organizational needs evolve.\n\n2. **Granular Access Control**:\n   - Control user access to applications, modules, menus, functions, and data within the system.\n   - Restrict access to sensitive information and critical functionality based on user roles and permissions.\n   - Ensure that users can only perform actions and access resources that are relevant to their job responsibilities.\n\n3. **Hierarchical Role Structure**:\n   - Implement a hierarchical role structure to mirror your organizational hierarchy.\n   - Inherit permissions and access privileges from higher-level roles to lower-level roles, ensuring consistent and efficient access management.\n   - Easily manage access rights for users at different levels of the organization.\n\n4. **Audit and Reporting**:\n   - Maintain a comprehensive audit trail of all user actions and access activities.\n   - Generate detailed reports on user access, role changes, and access policy modifications.\n   - Facilitate compliance with regulatory requirements and internal security policies.\n\n5. **Integration with Authentication and Identity Management**:\n   - Seamlessly integrate with your existing identity management systems, such as Active Directory or LDAP, to leverage user accounts and authentication mechanisms.\n   - Automatically synchronize user information and roles between the platform and your identity management systems.\n\n6. **Customizable Access Policies**:\n   - Define custom access policies and rules based on your organization's specific security requirements.\n   - Implement fine-grained access controls, such as time-based access, location-based access, or device-based access.\n   - Easily update and maintain access policies as your business needs evolve.\n\nBy leveraging the **ARX** module, our platform provides a robust and flexible role-based access control system that empowers you to effectively manage user access, ensure data security, and maintain compliance with industry regulations and internal policies.",
    "deepseekResponse": "# Role-Based Access Control (RBAC) Compliance Response  \n\nOur system is designed with a robust **Role-Based Access Control (RBAC)** framework to ensure secure, granular, and compliant access management. Below is a detailed breakdown of how our solution meets this requirement.  \n\n---\n\n### **Key Capabilities:**  \n\n1. **Flexible Role Configuration**  \n   - Custom roles (e.g., Administrators, Supervisors, Compliance Officers, Regional Heads) can be created and tailored to specific business needs.  \n   - Permissions are mapped to roles, ensuring users only access entitled applications, menus, functions, or modules.  \n\n2. **Strict Access Enforcement**  \n   - Users are granted access strictly based on their assigned roles, eliminating unauthorized entry to sensitive data or functionalities.  \n   - **ARX module** (where applicable) enforces compliance policies, aligning with regulatory requirements.  \n\n3. **Entitlement-Driven Platform**  \n   - Access to dashboards, reports, and workflows is dynamically controlled by role type.  \n   - Example role-based restrictions:  \n     - **PWP Users**: Limited to transactional functions.  \n     - **Supervisors**: Granted oversight capabilities.  \n     - **Compliance Teams**: Exclusive access to audit trails and regulatory tools.  \n\n4. **Audit & Accountability**  \n   - Comprehensive **audit trails** log all user actions, enabling compliance monitoring and forensic analysis.  \n   - Role-specific activity tracking ensures transparency and adherence to governance policies.  \n\n---\n\n### **Implementation Highlights**  \n\n- **User Group Assignment**: Users are grouped by function (e.g., Administrators, Regional Heads), with permissions pre-configured for consistency.  \n- **Dynamic UI Rendering**: Menus and dashboards auto-adjust based on role entitlements, streamlining the user experience.  \n- **Regulatory Alignment**: RBAC policies are configurable to meet evolving compliance standards (e.g., GDPR, SOX).  \n\nFor further customization or integration with existing IAM systems, our team provides dedicated support to align RBAC policies with organizational hierarchies.  \n\n---  \n\n**Reference Architecture**:  \n- **ARX Module** (for advanced compliance use cases)  \n- **WealthQube RBAC Framework** (for entitlement management)  \n\nThis structured approach ensures security, operational efficiency, and compliance—all while maintaining scalability for future requirements."
  },
  "requirement_id": 15
}