{
  "requirement_text": "External Portfolio CAS ",
  "model_responses": {
    "openaiResponse": "# Response to Requirement: External Portfolio CAS\n\n## Overview\n\nOur platform provides a comprehensive solution for managing external portfolios through the **Consolidated Account Statement (CAS)** upload feature. This capability ensures that financial advisors and clients have a holistic and integrated view of their investment portfolios, including held-away assets. \n\n### **Key Capabilities:**\n\n1. **CAS Upload Functionality:**\n   - The platform enables seamless upload and integration of external portfolios through CAS, ensuring that all assets, whether held internally or externally, are captured effectively.\n   - The CAS upload process is designed to be user-friendly, minimizing manual input and reducing the potential for errors.\n\n2. **True 360-Degree Portfolio View:**\n   - Users are provided with a consolidated and comprehensive view of their entire investment portfolio.\n   - This includes both direct and held-away assets, allowing for informed decision-making and strategic financial planning.\n\n3. **Advanced Data Processing:**\n   - Our system employs advanced technologies such as **AI, Machine Learning (ML), Natural Language Processing (NLP),** and **Computer Vision** to interpret and validate CAS data.\n   - These technologies facilitate accurate data extraction and analysis, ensuring that portfolio information is both reliable and actionable.\n\n4. **Doc2API Framework:**\n   - The **Doc2API** framework supports the digitization and automation of document-intensive processes, leveraging industry-agnostic tools that enhance efficiency.\n   - It is instrumental in reading and storing CAS data, making the process seamless and integrated with existing workflows.\n\n5. **Security and Compliance:**\n   - Our platform adheres to the highest standards of data security and privacy, ensuring that all client information remains confidential and protected.\n   - Compliance with industry regulations is maintained throughout the CAS upload and processing stages.\n\n### Benefits\n\n- **Enhanced Client Engagement:** By providing a unified portfolio view, advisors can offer more personalized insights and recommendations, enhancing client relationships and trust.\n- **Operational Efficiency:** Automation of the CAS upload process reduces manual work, allowing financial professionals to focus on value-added activities.\n- **Scalable Solution:** The platform is designed to accommodate portfolios of varying sizes, making it suitable for both individual and institutional clients.\n\n### Conclusion\n\nOur platform's **External Portfolio CAS** capability is a robust solution that integrates advanced technology with financial expertise to deliver a seamless and comprehensive portfolio management experience. This feature empowers users with the tools necessary to manage their investments effectively, ensuring informed decision-making and optimized financial outcomes.",
    "anthropicResponse": "### **Comprehensive Response to External Portfolio CAS Requirement**\n\nIntellect Wealth platform provides a robust and comprehensive solution for capturing and managing external portfolio data, including CAS (Consolidated Account Statement) uploads. The platform delivers a true 360-degree view of the customer's investments, including held-away assets.\n\n### **Key Capabilities:**\n\n1. **Held-Away Portfolio Upload**\n   - The platform has the ability to ingest and store CAS data by reading the CAS statement format using the **Doc2API** framework.\n   - **Doc2API** leverages advanced technologies like AI, ML, NLP, and Computer Vision to validate, verify, and analyze the processed data, ensuring accurate and reliable integration of held-away assets.\n   - Held-away assets are maintained as holdings, not transactions, providing a seamless and consolidated view of the customer's portfolio.\n\n2. **360-Degree Portfolio View**\n   - The Intellect Wealth platform consolidates the customer's held-away assets along with their primary investments, offering a comprehensive and accurate representation of their overall financial position.\n   - This holistic view empowers customers and advisors to make informed decisions and effectively manage the customer's complete investment portfolio.\n\n3. **Seamless Integration**\n   - The platform's integration capabilities enable the automatic and seamless ingestion of CAS data, eliminating manual data entry and reducing the risk of errors.\n   - The platform can integrate with various financial institutions and custodians to fetch and aggregate the customer's held-away portfolio data.\n\n4. **Data Validation and Enrichment**\n   - The **Doc2API** framework employed by the Intellect Wealth platform utilizes advanced data processing techniques to validate, verify, and enrich the CAS data, ensuring the accuracy and reliability of the customer's portfolio information.\n   - This robust data validation process helps to identify and address any discrepancies or inconsistencies in the held-away portfolio data.\n\n5. **Reporting and Analytics**\n   - The platform provides comprehensive reporting and analytical capabilities, allowing customers and advisors to monitor, track, and analyze the performance of the customer's entire investment portfolio, including held-away assets.\n   - Customizable reports and dashboards enable users to gain valuable insights and make informed decisions based on the consolidated portfolio data.\n\nBy leveraging the Intellect Wealth platform's advanced features and capabilities, customers and advisors can seamlessly manage and track their external portfolio data, including CAS uploads, for a comprehensive and accurate view of the customer's overall financial position.",
    "deepseekResponse": "# Response to Requirement: External Portfolio CAS  \n\nOur platform offers a robust solution for managing **external portfolio CAS (Consolidated Account Statement)** uploads, providing a seamless and comprehensive approach to integrating held-away assets into a unified client view.  \n\n### **Key Capabilities:**  \n\n1. **CAS Upload Functionality**  \n   - The platform supports **CAS statement uploads**, enabling advisors and clients to consolidate held-away assets effortlessly.  \n   - Assets are captured and maintained as **holdings** (not transactions), ensuring accurate representation without manual reconciliation.  \n\n2. **360-Degree Portfolio View**  \n   - Delivers a **true consolidated view** of a client’s financial landscape, including:  \n     - Held-away assets (e.g., equities, mutual funds, bonds).  \n     - Linked accounts from external institutions.  \n   - Enhances transparency and supports data-driven advisory decisions.  \n\n3. **Advanced Document Processing with Doc2API**  \n   - **Automated CAS Data Extraction**: Our proprietary **Doc2API framework** leverages:  \n     - **AI/ML** for intelligent data validation.  \n     - **NLP and Computer Vision** to parse and interpret CAS statements in standard formats.  \n   - **Industry-Agnostic**: Adaptable to diverse document types, ensuring scalability and compliance.  \n\n4. **API-Driven Integration**  \n   - Asset classes and holdings can be **fetched via API** for real-time synchronization with external systems.  \n   - Supports seamless interoperability with third-party platforms.  \n\n### **Implementation Benefits:**  \n- **Efficiency**: Eliminates manual data entry through automated CAS processing.  \n- **Accuracy**: AI-powered validation reduces errors in held-away asset reporting.  \n- **Advisor Enablement**: Empowers advisors with a holistic view to deliver personalized recommendations.  \n\nFor further details on customization or integration workflows, our team is available to provide a tailored demonstration.  \n\n---  \n*Note: References to internal frameworks (e.g., Doc2API) are based on proprietary technology and may require additional documentation under NDA.*"
  },
  "requirement_id": "20"
}