{
  "requirement_text": "The system must provide REST APIs for integration with external systems.",
  "model_responses": {
    "openaiResponse": "# Comprehensive Response to Requirement: REST API Integration\n\nOur system is designed with a strong emphasis on facilitating robust and seamless integration capabilities, particularly through the provision of REST APIs. This ensures that external systems can easily and efficiently interact with our platform, promoting enhanced operational efficiency and flexibility.\n\n### **Key Capabilities:**\n\n- **RESTful APIs Based on Open API Standards:**  \n  Our system offers RESTful APIs that adhere to the latest Open API standards. This adherence ensures interoperability and simplifies the integration process for developers, allowing for a seamless connection with various external systems, applications, and data sources. \n\n- **Seamless Integration:**  \n  The provision of REST APIs enables seamless integration with external systems, allowing for automated data exchanges and streamlined workflows. This capability supports comprehensive data retrieval, updates, and synchronization across platforms.\n\n- **Developer-Friendly Environment:**  \n  By supporting open APIs, our system empowers third-party developers to build custom applications and extensions. This fosters an ecosystem where innovative solutions can be developed rapidly, catering to specific business needs and enhancing the overall functionality of the system.\n\n- **Support for Automated Queries and Job Automation:**  \n  Our platform includes a wide range of pre-built REST APIs designed for automated queries and job automation. This feature streamlines routine tasks and processes, reducing manual intervention and improving operational efficiency.\n\n- **Comprehensive Integration Protocols:**  \n  Beyond REST, the system supports a variety of integration protocols, such as SOAP and TCP/IP, ensuring maximum compatibility and connectivity with a diverse array of external systems. This versatility in protocol support guarantees that our system can accommodate various integration scenarios and technical environments.\n\n### **Benefits:**\n\n- **Enhanced Interoperability:**  \n  By conforming to industry standards, our REST APIs ensure that your system can communicate effectively with other platforms, reducing complexity and potential integration challenges.\n\n- **Improved Efficiency and Flexibility:**  \n  The availability of automated processes and seamless data exchanges leads to significant improvements in operational efficiency and flexibility, enabling your organization to adapt swiftly to changing business needs.\n\n- **Scalable and Extendable Architecture:**  \n  Our API-first approach ensures that the system is both scalable and extendable, allowing for easy addition of new functionalities and integrations as business requirements evolve.\n\nIn summary, our system's REST API integration capabilities are designed to provide a robust framework for connectivity and interoperability, ensuring that your organization can leverage external systems to their full potential.",
    "anthropicResponse": "# Comprehensive Response to RFP Requirement\n\n### **Key Capabilities:**\n\nWealth System's comprehensive integration capabilities ensure seamless connectivity with external systems through the following key features:\n\n1. **Robust REST API Support**\n   - Wealth System provides a wide range of **REST APIs** that adhere to Open API standards, enabling smooth integration with various external systems and applications.\n   - The REST APIs cover a diverse set of functionalities, allowing for **automated queries**, **job automation**, and **specific system actions** to be performed through programmatic integration.\n   - The API design follows industry best practices, ensuring **scalability**, **reliability**, and **ease of use** for developers integrating with the system.\n\n2. **Extensive Integration Protocols**\n   - In addition to REST, Wealth System supports a variety of other standard integration protocols, including **SOAP**, **TCP/IP**, and more.\n   - This comprehensive protocol support ensures seamless connectivity with a wide range of external systems, applications, and data sources, regardless of their specific integration requirements.\n\n3. **Seamless Data Exchange**\n   - Wealth System's integration capabilities facilitate **smooth data exchange** between the system and external systems, enabling the flow of information and streamlining business processes.\n   - The system's adherence to industry standards and best practices ensures **data integrity**, **security**, and **reliability** throughout the integration process.\n\n4. **Interoperability and Extensibility**\n   - By leveraging **Open API standards**, Wealth System promotes **interoperability** and **extensibility**, allowing for easy integration with a variety of third-party applications and custom development efforts.\n   - The system's integration framework is designed to be **scalable** and **flexible**, accommodating the evolving integration needs of the organization.\n\n5. **Comprehensive Integration Lifecycle Management**\n   - Wealth System provides a comprehensive approach to integration lifecycle management, covering all stages from **planning** and **design** to **deployment** and **monitoring**.\n   - The system's integration management tools and processes ensure **seamless integration**, **efficient collaboration**, and **ongoing maintenance** of the integration landscape.\n\nIn summary, Wealth System's robust integration capabilities, encompassing a wide range of standard protocols, comprehensive REST API support, and adherence to industry best practices, ensure seamless connectivity with external systems and enable the smooth exchange of data and automation of processes.",
    "deepseekResponse": "# Comprehensive REST API Integration Capabilities  \n\nOur system is designed with a robust **API-first architecture**, ensuring seamless integration with external systems through **standardized REST APIs**. These APIs adhere to industry best practices and are built to facilitate efficient, secure, and scalable interactions with third-party applications, services, and data sources.  \n\n---\n\n### **Key Capabilities:**  \n\n1. **Open API Standards Compliance**  \n   - All REST APIs are developed in alignment with **OpenAPI 3.0 specifications**, ensuring interoperability and ease of integration.  \n   - Comprehensive **Swagger/OpenAPI documentation** is provided, including detailed schemas, endpoints, and example requests/responses.  \n\n2. **Seamless External System Integration**  \n   - Support for **CRUD operations** (Create, Read, Update, Delete) via RESTful endpoints.  \n   - APIs enable **real-time data synchronization** with external platforms, reducing latency and manual intervention.  \n\n3. **Multi-Protocol Support**  \n   - While REST is the primary protocol, the system also supports **SOAP and TCP/IP** for legacy integrations, ensuring backward compatibility.  \n\n4. **Automation & Job Scheduling**  \n   - **270+ pre-built REST APIs** are available out-of-the-box, covering core functionalities such as:  \n     - Automated queries  \n     - Batch processing  \n     - Event-driven workflows  \n   - APIs support **webhook-based triggers** for event-driven automation.  \n\n5. **Security & Governance**  \n   - **OAuth 2.0 and JWT** for secure authentication and authorization.  \n   - Role-based access control (RBAC) to restrict API usage per user/system.  \n   - **Rate limiting and throttling** to ensure system stability under high load.  \n\n6. **Developer-Friendly Ecosystem**  \n   - **Sandbox environment** for testing integrations without affecting production.  \n   - SDKs and code samples in multiple languages (Python, Java, JavaScript) to accelerate development.  \n\n---\n\n### **Architecture & Scalability**  \n\nBuilt on a **cloud-native, microservices-based framework**, our APIs are:  \n- **Highly scalable** to handle increasing transaction volumes.  \n- **Resilient** with built-in retry mechanisms and failover support.  \n- **Headless-ready**, enabling integration with modern front-end applications.  \n\nFor specialized use cases, the platform also supports **custom API development** to extend functionality as needed.  \n\n---\n\n### **Use Cases Enabled by REST APIs**  \n- **Third-Party Application Integration** (e.g., CRM, ERP, payment gateways).  \n- **Data Aggregation** from multiple sources for reporting and analytics.  \n- **Straight-Through Processing (STP)** for automated workflows.  \n- **Mobile & Web App Connectivity** to backend services.  \n\nBy leveraging these capabilities, organizations can achieve **end-to-end digital transformation** with minimal disruption to existing systems.  \n\n--- \n\nLet us know if you require further details on specific API endpoints or integration scenarios."
  },
  "requirement_id": 26
}