{
  "requirement_text": "PMS Transaction update / NAV Calculation / Absolute & XIRR Returns",
  "model_responses": {
    "openaiResponse": "## **Response to Requirement: PMS Transaction Update / NAV Calculation / Absolute & XIRR Returns**\n\n### **Overview:**\nOur platform is designed to effectively manage Portfolio Management Services (PMS) and Alternative Investment Funds (AIF) by leveraging advanced technology and comprehensive features. We provide a robust solution for transaction updates, NAV calculations, and the computation of Absolute and XIRR Returns.\n\n### **Key Capabilities:**\n\n1. **PMS and AIF Support:**\n   - Our platform supports both **PMS** and **AIF** as integrated products, ensuring seamless transaction management and reporting.\n   - The system utilizes a **Trade Capture feature** to efficiently handle transactions across these financial products.\n\n2. **Transaction and Valuation File Ingestion:**\n   - The solution is equipped to ingest **Valuation and Transaction files** for both PMS and AIF, allowing for real-time data processing and accuracy.\n   - This capability ensures that all transaction updates are reflected promptly and accurately within the system.\n\n3. **NAV Calculation:**\n   - The platform performs automatic **NAV (Net Asset Value) calculations**, providing precise and up-to-date valuation metrics essential for financial analysis and decision-making.\n   - This feature supports daily, weekly, or custom frequency NAV calculations as per client requirements.\n\n4. **Returns Calculation:**\n   - **Absolute Returns** and **XIRR (Extended Internal Rate of Return) Returns** can be computed out of the box, providing comprehensive performance metrics.\n   - These calculations are essential for evaluating portfolio performance and making informed investment decisions.\n\n5. **Data Maintenance and Processing:**\n   - The platform ensures thorough **Security maintenance** and **Price maintenance** for AIF, enhancing data integrity and reliability.\n   - It includes efficient **transaction processing** and **holding computation/upload**, streamlining operational workflows.\n\n### **Benefits:**\n\n- **Enhanced Accuracy:** Automated calculations and data ingestion minimize human error, ensuring precise financial reporting.\n- **Operational Efficiency:** Streamlined processes reduce manual intervention, saving time and resources.\n- **Comprehensive Reporting:** Advanced reporting tools provide detailed insights into portfolio performance, aiding in strategic decision-making.\n\n### **Conclusion:**\nOur platform is equipped with the necessary tools to manage PMS and AIF efficiently. With its advanced capabilities in transaction processing, NAV calculation, and returns computation, it serves as a comprehensive solution for modern portfolio management needs.",
    "anthropicResponse": "# PMS Transaction Update / NAV Calculation / Absolute & XIRR Returns\n\n### **Key Capabilities:**\n\nThe Intellect Wealth platform offers comprehensive support for Portfolio Management Services (PMS) and Alternative Investment Funds (AIF) management, including the following key capabilities:\n\n1. **PMS and AIF Transaction Management**\n   - Ability to ingest and process valuation and transaction files for PMS and AIF products\n   - Seamless integration of trade capture functionality to record all transactions\n   - Automated reconciliation of transactions against custodian/broker reports\n\n2. **NAV Calculation**\n   - Robust NAV computation engine to calculate Net Asset Value (NAV) for PMS and AIF portfolios\n   - Supports various NAV calculation methodologies (e.g., market value, fair value) based on asset types and regulatory requirements\n   - Automated NAV calculation and publishing on a periodic basis (daily, weekly, monthly)\n\n3. **Performance Reporting**\n   - Calculation of absolute returns for PMS and AIF portfolios\n   - Computation of time-weighted returns (XIRR) for accurate performance measurement\n   - Flexible reporting options to generate performance reports at individual client, scheme, or portfolio level\n\n4. **Compliance and Regulatory Reporting**\n   - Adherence to relevant regulations and guidelines for PMS and AIF operations\n   - Automated generation of regulatory reports (e.g., SEBI, AMFI) as per prescribed formats\n   - Comprehensive audit trails and data retention to support compliance requirements\n\n5. **Scalability and Integration**\n   - Highly scalable platform to handle large volumes of transactions and assets under management\n   - Seamless integration with custodians, brokers, and other third-party systems for data exchange\n   - Configurable workflows and rules to adapt to changing business requirements\n\nThe Intellect Wealth platform's robust capabilities in PMS and AIF management, along with its flexibility, scalability, and regulatory compliance, make it an ideal solution to address your investment management needs.",
    "deepseekResponse": "# Comprehensive Response: PMS Transaction Update / NAV Calculation / Absolute & XIRR Returns  \n\n## **Solution Overview**  \nOur **Intellect Wealth Platform** is designed to seamlessly support **Portfolio Management Services (PMS)** and **Alternative Investment Funds (AIF)** with robust transaction processing, NAV computation, and performance reporting capabilities. The platform ensures accurate and efficient handling of financial data while complying with regulatory standards.  \n\n---\n\n### **Key Capabilities:**  \n\n1. **Transaction Processing & Data Maintenance**  \n   - **Trade Capture & Updates**: Supports real-time ingestion and validation of PMS/AIF transactions via manual entry or automated file uploads (e.g., CSV, Excel).  \n   - **Security & Price Maintenance**: Enables dynamic updates for securities, corporate actions, and AIF-specific price adjustments.  \n   - **Holding Computation**: Automatically reconciles transactions to generate up-to-date holdings at both portfolio and investor levels.  \n\n2. **NAV Calculation**  \n   - **Automated NAV Engine**: Computes Net Asset Value (NAV) for PMS/AIF portfolios using validated market prices, accrued income, and expense allocations.  \n   - **Customizable Valuation Rules**: Supports FIFO, LIFO, or weighted-average cost methods for accurate portfolio valuation.  \n   - **Audit Trails**: Tracks all NAV-related adjustments for compliance and transparency.  \n\n3. **Performance Reporting**  \n   - **Absolute Returns**: Calculates time-weighted returns for portfolios and individual investors.  \n   - **XIRR (Extended Internal Rate of Return)**: Computes investor-specific returns accounting for irregular cash flows (e.g., subscriptions/redemptions).  \n   - **Benchmark Comparison**: Generates performance reports against custom benchmarks (e.g., Nifty 50, sectoral indices).  \n\n4. **Integration & Scalability**  \n   - **File Ingestion**: Processes industry-standard valuation and transaction files (e.g., CAMS, KFinTech formats).  \n   - **API Support**: Facilitates real-time data sync with custodians, brokers, and accounting systems.  \n\n---\n\n## **Compliance & Operational Efficiency**  \n- **Regulatory Alignment**: Adheres to SEBI guidelines for PMS/AIF reporting.  \n- **Role-Based Access**: Ensures data security with granular user permissions.  \n- **Exception Handling**: Flags discrepancies in transactions or NAV calculations for manual review.  \n\nFor further details, refer to our documented use cases in **Tata Capital.xlsx_Sheet1** and **Portfolio Management responses (2025-03-18)**.  \n\n---  \n**Next Steps**: Let us tailor a demo to showcase how these features align with your specific workflows."
  },
  "requirement_id": 5
}