{
  "requirement_text": "The system must provide REST APIs for integration with external systems.",
  "model_responses": {
    "openaiResponse": "## Comprehensive Response to Requirement: REST APIs for Integration\n\nOur system is designed with a focus on providing robust and flexible integration capabilities, ensuring seamless interaction with external systems. We achieve this through the provision of **REST APIs**, which are integral to our integration framework.\n\n### **Key Capabilities:**\n\n1. **Open API Standards Compliance:**\n   - The system's REST APIs are developed in accordance with **Open API standards**. This ensures a high level of interoperability and compatibility with a wide range of external applications and data sources.\n   - Adherence to these standards simplifies the integration process for developers, reducing the time and effort required to connect with external systems.\n\n2. **Seamless Connectivity:**\n   - Our REST APIs are designed to facilitate **seamless connectivity** with third-party systems, enabling efficient data exchange and streamlined workflows.\n   - This connectivity supports a variety of integration scenarios, from simple data retrieval to complex multi-step processes.\n\n3. **Comprehensive API Coverage:**\n   - The system offers a comprehensive suite of **REST APIs** covering all major functionalities, ensuring that all necessary operations can be performed programmatically.\n   - This extensive API coverage allows for complete automation of queries and job processes, enhancing operational efficiency.\n\n4. **Developer-Friendly API Documentation:**\n   - We provide detailed and easily accessible **API documentation**, which includes examples and guidelines for implementation. This empowers developers to quickly and effectively integrate their systems with ours.\n\n5. **Secure and Scalable Architecture:**\n   - The architecture supporting our REST APIs is both **secure** and **scalable**, ensuring that integrations can grow with your business needs while maintaining the highest levels of security.\n\n6. **Real-Time Data Exchange:**\n   - Our system supports **real-time data exchange** through REST APIs, enabling timely updates and interactions with external systems.\n\n### **Benefits:**\n\n- **Interoperability:** By providing APIs that adhere to Open API standards, our system ensures seamless interoperability with a wide array of external systems.\n- **Flexibility and Customization:** The ability to automate processes and queries through our REST APIs allows for a high degree of customization and flexibility, catering to unique business requirements.\n- **Efficiency and Productivity:** Streamlined integration processes reduce manual effort, leading to increased productivity and operational efficiency.\n\nIn summary, our system's provision of REST APIs is a cornerstone of its integration capabilities, offering a robust, secure, and flexible solution for connecting with external systems. This enables organizations to leverage existing technologies and systems, ensuring a cohesive and efficient operational environment.",
    "anthropicResponse": "### **Comprehensive REST API Integration**\n\nWealth System provides a robust and comprehensive approach to integration, supporting a wide range of standard protocols and exposing RESTful APIs based on **Open API standards**. This ensures seamless connectivity with external systems, applications, and data sources, enabling smooth data exchange and streamlined workflows.\n\n### **Key Capabilities:**\n\n1. **RESTful API Exposure**: Wealth System exposes a comprehensive set of **RESTful APIs** that adhere to Open API standards, promoting interoperability and simplifying integration efforts for developers.\n2. **Broad Integration Support**: The system supports a variety of integration protocols, including **REST, SOAP, and TCP/IP**, allowing for seamless connectivity with a wide range of external systems and data sources.\n3. **Automated Queries and Job Automation**: Wealth System's APIs enable automated queries and job automation, empowering users to streamline their processes and increase efficiency.\n4. **Extensibility and Customization**: The platform's open API architecture allows for the creation and support of **custom APIs**, enabling third-party developers to build tailored applications and extensions to meet specific integration requirements.\n5. **Scalable and Secure Integration**: Wealth System's APIs are designed to be **scalable and secure**, ensuring reliable and high-performance integration capabilities to meet the evolving needs of your organization.\n\nBy leveraging Wealth System's robust integration capabilities, you can seamlessly connect your organization's systems and data sources, driving enhanced productivity, data-driven decision-making, and improved overall operational efficiency.",
    "deepseekResponse": "# Comprehensive REST API Integration Capabilities  \n\nThe system is designed to provide **fully documented, standards-compliant REST APIs** to enable seamless integration with external systems, ensuring interoperability, flexibility, and scalability.  \n\n### **Key Capabilities:**  \n\n1. **Open API Standards Compliance**  \n   - REST APIs adhere to **OpenAPI 3.0 specifications**, ensuring industry-standard documentation, discoverability, and ease of integration.  \n   - Supports **JSON/XML payloads** for flexible data exchange.  \n\n2. **Comprehensive API Library**  \n   - **270+ pre-built REST APIs** covering core functionalities, including:  \n     - Automated queries and job automation  \n     - Real-time data retrieval and updates  \n     - Transaction processing and workflow triggers  \n\n3. **Multi-Protocol Support**  \n   - In addition to REST, the system supports:  \n     - **SOAP** for legacy system integration  \n     - **TCP/IP** for high-performance, low-latency communication  \n\n4. **Secure & Scalable Integration**  \n   - **OAuth 2.0 & JWT** for secure authentication and authorization.  \n   - **Rate limiting & throttling** to ensure system stability under high load.  \n   - **Webhook support** for event-driven integrations.  \n\n5. **Developer-Friendly Features**  \n   - **Interactive API documentation** (Swagger/OpenAPI UI) for easy testing and implementation.  \n   - **Sandbox environment** for safe integration testing.  \n   - **SDKs & code samples** in multiple languages (Java, Python, JavaScript).  \n\n### **Architecture & Future-Readiness**  \nBuilt on a **microservices-based, cloud-native architecture**, the system ensures:  \n- **Headless API-first design** for maximum extensibility.  \n- **Event-driven workflows** for real-time synchronization.  \n- **AI-enhanced APIs** for intelligent automation and predictive capabilities.  \n\nThis robust API framework enables seamless connectivity with third-party applications, core banking systems, and fintech ecosystems while maintaining security, performance, and compliance."
  },
  "requirement_id": "26"
}