{
  "requirement_text": "Risk Profiling & Report",
  "model_responses": {
    "openaiResponse": "# **Response to Requirement: Risk Profiling & Report**\n\n## **Introduction**\n\nIntellect Wealth Qube offers a robust and comprehensive solution for **Risk Profiling & Report** generation, tailored to meet the diverse needs of financial institutions. This feature is designed to enhance customer insights and optimize portfolio management through its sophisticated tools and customizable options.\n\n### **Key Capabilities:**\n\n1. **Risk Assessor Tool:**\n   - The **Risk Assessor Tool** is an out-of-the-box solution that calculates the risk profile of customers.\n   - It operates based on customer responses to a **Suitability Assessment Questionnaire**, ensuring personalized and accurate risk assessments.\n\n2. **Customizable Questionnaires:**\n   - Financial institutions can configure the questionnaire to suit their specific requirements.\n   - The platform supports the creation of multiple questionnaires tailored to different customer categories such as **Individuals** and **Non-Individuals**.\n\n3. **Risk Score Logic:**\n   - Institutions can maintain and customize the risk score logic within the system.\n   - Based on the customer's risk score, the system recommends appropriate **model portfolio allocations**.\n\n4. **Model Portfolio Options:**\n   - The platform provides options to create **Model Portfolios** aligned with particular risk profiles or scores.\n   - It facilitates comparison and analysis of recommended versus selected risk profiles through various analytics, including **Performance**, **Expected Returns %**, and **Standard Deviations** of Model Portfolios.\n\n5. **Report Generation:**\n   - The platform supports the generation of various report types, including those focused on **Risk Profiling**, using the **Report Generator Tool**.\n   - Intellect Wealth Qube is equipped with **CT-Sigma**, a powerful tool that allows users to create, maintain, and generate reports on-demand and on a scheduled basis.\n\n## **Conclusion**\n\nIntellect Wealth Qube's Risk Profiling & Report solution is a comprehensive tool that not only assesses customer risk profiles accurately but also enhances strategic financial management through its customizable and analytical capabilities. This ensures that financial institutions can deliver tailored investment solutions and optimize portfolio allocations based on precise risk assessments.",
    "anthropicResponse": "# Risk Profiling & Report\n\n### **Key Capabilities:**\n\nIntellect Wealth Qube offers a comprehensive solution for **Risk Profiling** and **Reporting** to meet the requirement:\n\n#### **Risk Profiling**\n- **Risk Assessor Tool**: Calculates the Risk Profile of customers based on their responses to a configurable Suitability Assessment Questionnaire\n- **Questionnaire Configurability**: Allows the creation of different questionnaires based on Customer Categories (e.g., Individuals, Non-Individuals)\n- **Risk Score Logic**: Maintains the risk score logic in the system, and based on the customer's risk score, recommends the appropriate model portfolio allocation\n- **Model Portfolio Allocation**: Provides the option to create Model Portfolios for specific risk profiles/scores\n\n#### **Reporting**\n- **Report Generator Tool**: Supports the generation of various types of reports, including reports on Risk Profiling\n- **CT-Sigma Reporting Tool**: Integrated with the Intellect Wealth Qube platform, this tool allows the creation, maintenance, and generation of on-demand and scheduled reports\n\n### **Detailed Capabilities**\n\n##### **Risk Profiling**\n1. **Risk Assessor Tool**:\n   - Calculates the Risk Profile of customers based on their responses to a Suitability Assessment Questionnaire\n   - Provides configurable questionnaires to suit the financial institution's requirements\n   - Supports the creation of different questionnaires for various customer categories (e.g., Individuals, Non-Individuals)\n\n2. **Risk Score Logic**:\n   - Allows the maintenance of risk score logic within the system\n   - Based on the customer's risk score, the system recommends the appropriate model portfolio allocation\n\n3. **Model Portfolio Allocation**:\n   - Offers the option to create Model Portfolios for specific risk profiles/scores\n   - Enables the financial institution to align investment recommendations with the customer's risk tolerance\n\n##### **Reporting**\n1. **Report Generator Tool**:\n   - Supports the generation of various types of reports, including reports on Risk Profiling\n   - Provides flexibility in designing and customizing the reports to meet the financial institution's needs\n\n2. **CT-Sigma Reporting Tool**:\n   - Integrated with the Intellect Wealth Qube platform\n   - Allows the creation, maintenance, and generation of on-demand and scheduled reports\n   - Enhances the reporting capabilities of the platform\n\nBy leveraging the **Risk Profiling** and **Reporting** capabilities of Intellect Wealth Qube, the financial institution can effectively assess the risk profile of its customers, make appropriate investment recommendations, and generate comprehensive reports to support its wealth management operations.",
    "deepseekResponse": "# Comprehensive Response: Risk Profiling & Report  \n\n### **Key Capabilities:**  \n\nOur **Intellect Wealth Qube** platform offers a robust, out-of-the-box solution for **Risk Profiling & Reporting**, designed to meet the dynamic needs of financial institutions. Below are the core capabilities:  \n\n1. **Risk Assessor Tool**  \n   - Automatically calculates a customer’s **Risk Profile** based on responses to a **Suitability Assessment Questionnaire**.  \n   - Supports **customizable questionnaires** tailored to different customer categories (e.g., Individuals, Non-Individuals).  \n   - Configurable **risk score logic** to align with institutional risk frameworks.  \n\n2. **Model Portfolio Recommendations**  \n   - Dynamically recommends **appropriate model portfolios** based on the customer’s risk score.  \n   - Enables creation of **custom Model Portfolios** for specific risk profiles/scores.  \n\n3. **Advanced Analytics**  \n   - Provides comparative analytics for model portfolios, including:  \n     - **Performance metrics**  \n     - **Expected Returns (%)**  \n     - **Standard Deviations**  \n\n4. **Reporting & Automation**  \n   - **Report Generator Tool** supports on-demand and scheduled reports for risk profiling.  \n   - Bundled with **CT-Sigma**, a powerful reporting engine for:  \n     - Creating and maintaining reports.  \n     - Generating ad-hoc or automated reports.  \n\n### **Implementation Flexibility**  \n\n- **Questionnaire Configuration**: Institutions can design and deploy tailored questionnaires to reflect their risk assessment criteria.  \n- **Risk Score Customization**: Logic for risk scoring is fully configurable, ensuring alignment with regulatory and internal policies.  \n- **Portfolio Mapping**: Seamlessly links risk profiles to recommended investment strategies.  \n\n### **Benefits**  \n\n- **Regulatory Compliance**: Ensures adherence to suitability and risk assessment requirements.  \n- **Operational Efficiency**: Reduces manual effort through automated risk scoring and reporting.  \n- **Data-Driven Decisions**: Empowers advisors with actionable insights for client portfolio management.  \n\nFor further details or a demonstration, our team is available to showcase how **Intellect Wealth Qube** can be tailored to your institution’s specific needs."
  },
  "requirement_id": "27"
}