{
  "requirement_text": "PMS Transaction update / NAV Calculation / Absolute & XIRR Returns ",
  "model_responses": {
    "openaiResponse": "## **Response to Requirement: PMS Transaction Update / NAV Calculation / Absolute & XIRR Returns**\n\n### **Overview:**\n\nOur solution leverages the robust capabilities of the **Intellect Wealth platform**, which is specifically designed to manage and streamline operations related to **Portfolio Management Services (PMS)** and **Alternative Investment Funds (AIF)**. This platform is equipped with advanced features that ensure efficient transaction updates, precise NAV calculations, and accurate performance measurement through Absolute and XIRR returns.\n\n### **Key Capabilities:**\n\n1. **Trade Capture Feature:**\n   - The platform supports both **PMS and AIF** as distinct product offerings, allowing seamless capture and management of financial transactions.\n   - The **trade capture** functionality ensures that all transactions are recorded accurately and efficiently, enabling timely updates and processing.\n\n2. **Valuation and Transaction File Ingestion:**\n   - Our platform is equipped with the capability to ingest and process both **Valuation** and **Transaction files** for PMS and AIF.\n   - This feature ensures that all relevant data is captured and maintained in a consistent and reliable manner, facilitating accurate calculations and reporting.\n\n3. **NAV Calculation:**\n   - The solution provides comprehensive tools for precise **Net Asset Value (NAV) calculation**.\n   - Automated processes ensure that NAV calculations are performed consistently, incorporating the latest transaction and market data.\n\n4. **Performance Measurement:**\n   - **Absolute Returns** and **XIRR (Extended Internal Rate of Return)** are computed out of the box, providing clear insights into investment performance.\n   - These metrics are crucial for evaluating the effectiveness of investment strategies and making informed decisions.\n\n5. **Data Maintenance:**\n   - The platform supports extensive data maintenance capabilities, including **Security Maintenance** and **Price Maintenance** for AIF.\n   - It also allows for **transaction processing** and **holding computation/upload**, ensuring that portfolio data remains accurate and up-to-date.\n\n### **Conclusion:**\n\nOur solution is designed to meet the comprehensive needs of PMS and AIF management by providing a seamless, integrated platform that ensures precision in transaction updates, NAV calculations, and performance measurement. With a focus on accuracy and efficiency, the **Intellect Wealth platform** empowers financial institutions to optimize their portfolio management processes and enhance investor satisfaction.",
    "anthropicResponse": "# PMS Transaction Update / NAV Calculation / Absolute & XIRR Returns\n\n### **Key Capabilities:**\n\nThe Intellect Wealth platform offers comprehensive support for **Portfolio Management Services (PMS)** and **Alternative Investment Funds (AIF)** with the following key capabilities:\n\n1. **Transaction Capture and Processing**:\n   - Ability to ingest and process transaction files for PMS and AIF portfolios\n   - Supports various transaction types including buy, sell, corporate actions, and more\n   - Ensures accurate and timely recording of all portfolio transactions\n\n2. **NAV (Net Asset Value) Calculation**:\n   - Automated and accurate calculation of NAV for PMS and AIF funds\n   - Supports both daily and periodic NAV computation\n   - Handles complex corporate actions, fee structures, and other factors in NAV computation\n\n3. **Performance Reporting**:\n   - Calculates **Absolute Returns** and **XIRR (Extended Internal Rate of Return)** for PMS and AIF portfolios\n   - Provides comprehensive performance reporting with detailed analytics and visualizations\n   - Supports customizable performance reporting based on client requirements\n\n4. **Data Management**:\n   - Maintains a centralized repository of security master, price data, and other reference data\n   - Ensures data integrity and consistency across PMS and AIF portfolios\n   - Provides tools for seamless data onboarding, enrichment, and reconciliation\n\n5. **Flexible and Scalable Architecture**:\n   - Designed to handle large volumes of transactions and data for PMS and AIF\n   - Supports multi-tenant and multi-asset class capabilities\n   - Offers configurable workflows and rule-based processing to adapt to client-specific requirements\n\n### **Key Benefits:**\n\n- **Comprehensive PMS and AIF Support**: Intellect Wealth provides a robust and integrated platform to manage the entire lifecycle of PMS and AIF portfolios.\n- **Automated and Accurate Calculations**: The platform ensures reliable and timely computation of NAV, Absolute Returns, and XIRR, reducing the risk of manual errors.\n- **Streamlined Data Management**: Centralized data management and seamless data onboarding simplify portfolio monitoring and reporting.\n- **Flexible and Scalable Solution**: The platform's architecture allows for easy configuration and scaling to meet the evolving needs of PMS and AIF providers.\n- **Improved Operational Efficiency**: By automating key processes and providing a unified platform, the solution enhances overall operational efficiency and productivity.",
    "deepseekResponse": "# Comprehensive Response: PMS Transaction Update / NAV Calculation / Absolute & XIRR Returns  \n\n## **Solution Overview**  \nOur **Intellect Wealth Platform** is a robust, end-to-end solution designed to streamline Portfolio Management Services (PMS) and Alternative Investment Funds (AIF). The platform excels in transaction processing, NAV computation, and advanced performance analytics, ensuring compliance, accuracy, and efficiency.  \n\n### **Key Capabilities:**  \n\n1. **Transaction Processing & Data Maintenance**  \n   - **Trade Capture**: Supports seamless ingestion of PMS and AIF transactions via manual entry or automated file uploads.  \n   - **Security & Price Maintenance**: Enables dynamic updates for securities, corporate actions, and AIF-specific pricing.  \n   - **Holding Computation**: Automatically reconciles and updates holdings post-transaction.  \n\n2. **NAV Calculation**  \n   - **Automated Valuation**: Processes valuation files (PMS/AIF) to compute NAV with audit trails.  \n   - **Customizable Rules**: Supports fund-specific methodologies for fair value adjustments, fees, and expenses.  \n\n3. **Performance Analytics**  \n   - **Absolute Returns**: Calculates time-weighted returns for granular performance tracking.  \n   - **XIRR (Extended IRR)**: Computes money-weighted returns for investor-level performance reporting.  \n   - **Benchmark Comparison**: Integrates with market indices for relative performance analysis.  \n\n### **Implementation Highlights**  \n- **Regulatory Compliance**: Adheres to SEBI guidelines for PMS/AIF reporting.  \n- **Scalability**: Handles high-volume transactions and complex fund structures.  \n- **User Interface**: Intuitive dashboards for real-time NAV updates and performance visualization.  \n\nFor further details or a tailored demonstration, please contact our solutions team.  \n\n---  \n*References: Portfolio Management responses (2025-03-18), Tata Capital.xlsx_Sheet1*"
  },
  "requirement_id": "17"
}